doc_id,title,url_or_doi,tier,source,type,tags,notes
adenomyosis_nhs,Adenomyosis - NHS,https://www.nhs.uk/conditions/adenomyosis/,A_patient_info,NHS,patient_page,tier:A_patient_info;source:NHS;type:patient_page;topic:menstrual_cycle;sx:pelvic_pain;possible:adenomyosis;triage:see_gp_routine,
endometriosis_nhs,Endometriosis - NHS,https://www.nhs.uk/conditions/endometriosis/,A_patient_info,NHS,patient_page,tier:A_patient_info;source:NHS;type:patient_page;topic:pelvic_pain_conditions;sx:pelvic_pain;possible:endometriosis;triage:see_gp_routine,
heavy_periods_nhs,Heavy periods - NHS,https://www.nhs.uk/conditions/heavy-periods/,A_patient_info,NHS,patient_page,tier:A_patient_info;source:NHS;type:patient_page;topic:menstrual_cycle;sx:heavy_periods;triage:see_gp_routine,
headaches_nhs,Headaches - NHS,https://www.nhs.uk/symptoms/headaches/,A_patient_info,NHS,patient_page,tier:A_patient_info;source:NHS;type:patient_page;triage:see_gp_routine;topic:womens_health_general,
irregular_periods_nhs,Irregular periods - NHS,https://www.nhs.uk/symptoms/irregular-periods/,A_patient_info,NHS,patient_page,tier:A_patient_info;source:NHS;type:patient_page;topic:menstrual_cycle;sx:irregular_periods;triage:see_gp_routine,
missed_or_late_periods_nhs,Missed or late periods - NHS,https://www.nhs.uk/symptoms/missed-or-late-periods/,A_patient_info,NHS,patient_page,tier:A_patient_info;source:NHS;type:patient_page;topic:menstrual_cycle;sx:missed_period;triage:see_gp_routine,
ovulation_pain_nhs,Ovulation pain - NHS,https://www.nhs.uk/symptoms/ovulation-pain/,A_patient_info,NHS,patient_page,tier:A_patient_info;source:NHS;type:patient_page;triage:see_gp_routine;topic:womens_health_general,
periods_nhs,Periods - NHS,https://www.nhs.uk/conditions/periods/,A_patient_info,NHS,patient_page,tier:A_patient_info;source:NHS;type:patient_page;topic:menstrual_cycle;triage:see_gp_routine,
period_pain_nhs,Period pain - NHS,https://www.nhs.uk/symptoms/period-pain/,A_patient_info,NHS,patient_page,tier:A_patient_info;source:NHS;type:patient_page;topic:menstrual_cycle;sx:period_pain;triage:see_gp_routine,
pms_premenstrual_syndrome_nhs,PMS (premenstrual syndrome) - NHS,https://www.nhs.uk/conditions/pre-menstrual-syndrome/,A_patient_info,NHS,patient_page,tier:A_patient_info;source:NHS;type:patient_page;topic:menstrual_cycle;sx:pms_symptoms;possible:pms;triage:self_care,
polycystic_ovary_syndrome_nhs,Polycystic ovary syndrome - NHS,https://www.nhs.uk/conditions/polycystic-ovary-syndrome-pcos/,A_patient_info,NHS,patient_page,tier:A_patient_info;source:NHS;type:patient_page;topic:pelvic_pain_conditions;possible:pcos;sx:irregular_periods;topic:sexual_health;possible:sti;triage:see_gp_routine,
toxic_shock_syndrome_nhs,Toxic shock syndrome - NHS,https://www.nhs.uk/conditions/toxic-shock-syndrome/,A_patient_info,NHS,patient_page,tier:A_patient_info;source:NHS;type:patient_page;topic:sexual_health;possible:toxic_shock_syndrome;triage:emergency,
vaginal_bleeding_between_periods_or_after_sex_nhs,Vaginal bleeding between periods or after sex - NHS,https://www.nhs.uk/symptoms/vaginal-bleeding-between-periods-or-after-sex/,A_patient_info,NHS,patient_page,tier:A_patient_info;source:NHS;type:patient_page;topic:menstrual_cycle;sx:bleeding_between_periods_after_sex;triage:see_gp_routine,
methods_of_contraception_nhs,Methods of contraception - NHS,https://www.nhs.uk/contraception/methods-of-contraception/,A_patient_info,NHS,guideline_page,tier:A_patient_info;source:NHS;type:guideline_page;topic:contraception;triage:see_gp_routine,
how_well_contraception_works_at_preventing_pregnancy_nhs,How well contraception works at preventing pregnancy - NHS,https://www.nhs.uk/contraception/choosing-contraception/how-well-it-works-at-preventing-pregnancy/,A_patient_info,NHS,guideline_page,tier:A_patient_info;source:NHS;type:guideline_page;topic:pregnancy;ctx:pregnant;topic:contraception;triage:see_gp_routine,
how_it_is_used_nhs,How it is used - NHS,https://www.nhs.uk/contraception/choosing-contraception/how-it-is-used/,A_patient_info,NHS,guideline_page,tier:A_patient_info;source:NHS;type:guideline_page;topic:contraception;triage:see_gp_routine,
side_effects_and_risks_of_hormonal_contraception_nhs,Side effects and risks of hormonal contraception - NHS,https://www.nhs.uk/contraception/choosing-contraception/side-effects-and-risks-of-hormonal-contraception/,A_patient_info,NHS,guideline_page,tier:A_patient_info;source:NHS;type:guideline_page;topic:contraception;triage:see_gp_routine,
side_effects_and_risks_of_non_hormonal_contraception_nhs,Side effects and risks of non-hormonal contraception - NHS,https://www.nhs.uk/contraception/choosing-contraception/side-effects-and-risks-of-non-hormonal-contraception/,A_patient_info,NHS,guideline_page,tier:A_patient_info;source:NHS;type:guideline_page;topic:contraception;triage:see_gp_routine,
how_contraception_affects_periods_nhs,How contraception affects periods - NHS,https://www.nhs.uk/contraception/choosing-contraception/effects-on-periods/,A_patient_info,NHS,guideline_page,tier:A_patient_info;source:NHS;type:guideline_page;topic:menstrual_cycle;topic:contraception;triage:see_gp_routine,
common_health_problems_in_pregnancy_nhs,Common health problems in pregnancy - NHS,https://www.nhs.uk/pregnancy/common-symptoms/common-health-problems/,A_patient_info,NHS,guideline_page,tier:A_patient_info;source:NHS;type:guideline_page;topic:pregnancy;ctx:pregnant;triage:see_gp_routine,
headaches_in_pregnancy_nhs,Headaches in pregnancy - NHS,https://www.nhs.uk/pregnancy/common-symptoms/headaches/,A_patient_info,NHS,guideline_page,tier:A_patient_info;source:NHS;type:guideline_page;topic:pregnancy;ctx:pregnant;sx:headache;triage:see_gp_routine,
pelvic_pain_in_pregnancy_nhs,Pelvic pain in pregnancy - NHS,https://www.nhs.uk/pregnancy/common-symptoms/pelvic-pain/,A_patient_info,NHS,guideline_page,tier:A_patient_info;source:NHS;type:guideline_page;topic:pregnancy;ctx:pregnant;sx:pelvic_pain;triage:see_gp_routine,
vaginal_bleeding_in_pregnancy_nhs,Vaginal bleeding in pregnancy - NHS,https://www.nhs.uk/pregnancy/common-symptoms/vaginal-bleeding/,A_patient_info,NHS,guideline_page,tier:A_patient_info;source:NHS;type:guideline_page;topic:pregnancy;ctx:pregnant;sx:vaginal_bleeding_pregnancy;triage:urgent_same_day,
vomiting_and_morning_sickness_nhs,Vomiting and morning sickness - NHS,https://www.nhs.uk/pregnancy/common-symptoms/vomiting-and-morning-sickness/,A_patient_info,NHS,guideline_page,tier:A_patient_info;source:NHS;type:guideline_page;topic:pregnancy;ctx:pregnant;sx:morning_sickness_vomiting;triage:self_care,
your_baby_s_movements_nhs,Your baby's movements - NHS,https://www.nhs.uk/pregnancy/keeping-well/your-babys-movements/,A_patient_info,NHS,guideline_page,tier:A_patient_info;source:NHS;type:guideline_page;topic:pregnancy;ctx:pregnant;sx:reduced_fetal_movement;triage:urgent_same_day,
how_long_does_it_usually_take_to_get_pregnant_nhs,How long does it usually take to get pregnant? - NHS,https://www.nhs.uk/pregnancy/trying-for-a-baby/how-long-it-takes-to-get-pregnant/,A_patient_info,NHS,guideline_page,tier:A_patient_info;source:NHS;type:guideline_page;topic:pregnancy;topic:fertility;ctx:trying_to_conceive;triage:see_gp_routine,
planning_your_pregnancy_nhs,Planning your pregnancy - NHS,https://www.nhs.uk/pregnancy/trying-for-a-baby/planning-your-pregnancy/,A_patient_info,NHS,guideline_page,tier:A_patient_info;source:NHS;type:guideline_page;topic:pregnancy;topic:fertility;ctx:trying_to_conceive;triage:see_gp_routine,
signs_and_symptoms_of_pregnancy_nhs,Signs and symptoms of pregnancy - NHS,https://www.nhs.uk/pregnancy/trying-for-a-baby/signs-and-symptoms-of-pregnancy/,A_patient_info,NHS,guideline_page,tier:A_patient_info;source:NHS;type:guideline_page;topic:pregnancy;topic:fertility;ctx:trying_to_conceive;sx:pregnancy_signs;triage:see_gp_routine,
early_or_premature_menopause_nhs,Early or premature menopause - NHS,https://www.nhs.uk/conditions/early-or-premature-menopause/,A_patient_info,NHS,patient_page,tier:A_patient_info;source:NHS;type:patient_page;topic:menopause;possible:early_menopause;ctx:perimenopause;triage:self_care,
menopause_symptoms_nhs,Menopause - Symptoms - NHS,https://www.nhs.uk/conditions/menopause/symptoms/,A_patient_info,NHS,patient_page,tier:A_patient_info;source:NHS;type:patient_page;topic:menopause;ctx:menopause;triage:self_care,
menopause_things_you_can_do_nhs,Menopause - Things you can do - NHS,https://www.nhs.uk/conditions/menopause/things-you-can-do/,A_patient_info,NHS,patient_page,tier:A_patient_info;source:NHS;type:patient_page;topic:menopause;ctx:menopause;triage:self_care,
menopause_treatment_nhs,Menopause - Treatment - NHS,https://www.nhs.uk/conditions/menopause/treatment/,A_patient_info,NHS,patient_page,tier:A_patient_info;source:NHS;type:patient_page;topic:menopause;ctx:menopause;triage:self_care,
menopause_help_and_support_nhs,Menopause - Help and support - NHS,https://www.nhs.uk/conditions/menopause/help-and-support/,A_patient_info,NHS,patient_page,tier:A_patient_info;source:NHS;type:patient_page;topic:menopause;ctx:menopause;triage:self_care,
feelings_symptoms_and_behaviours_nhs,"Feelings, symptoms and behaviours - NHS",https://www.nhs.uk/mental-health/feelings-symptoms-behaviours/,A_patient_info,NHS,patient_page,tier:A_patient_info;source:NHS;type:patient_page;topic:mental_health;triage:see_gp_routine,
women_s_health_in_2024_change_now_for_tomorrow_will_be_too_late,Women's health in 2024: change now for tomorrow will be too late,https://pubmed.ncbi.nlm.nih.gov/38154485/,B_peer_reviewed,PubMed,journal_article,tier:B_peer_reviewed;source:PubMed;type:journal_article;topic:womens_health_general,
women_s_network_women_s_lip_pubmed,Women's network. Women's lip - PubMed,https://pubmed.ncbi.nlm.nih.gov/8155547/,B_peer_reviewed,PubMed,journal_article,tier:B_peer_reviewed;source:PubMed;type:journal_article;topic:womens_health_general,
obesity_diabetes_women_s_health_the_perfect_storm_looming_in_the_horizon,"Obesity, diabetes & women's health: the perfect storm looming in the horizon?",https://pubmed.ncbi.nlm.nih.gov/38804119/,B_peer_reviewed,PubMed,journal_article,tier:B_peer_reviewed;source:PubMed;type:journal_article;topic:metabolic_womens_health;possible:obesity;possible:diabetes;topic:womens_health_general,
obesity_diabetes_women_s_health_the_perfect_storm_looming_in_the_horizon_pubmed,"Obesity, diabetes & women's health: the perfect storm looming in the horizon? - PubMed",https://pubmed.ncbi.nlm.nih.gov/38804119/,B_peer_reviewed,PubMed,journal_article,tier:B_peer_reviewed;source:PubMed;type:journal_article;topic:metabolic_womens_health;possible:obesity;possible:diabetes;topic:womens_health_general,
women_s_occupational_health_a_critical_review_and_discussion_of_current_issues,Women's occupational health: a critical review and discussion of current issues,https://pubmed.ncbi.nlm.nih.gov/9302729/,B_peer_reviewed,PubMed,review_article,tier:B_peer_reviewed;source:PubMed;type:review_article;topic:occupational_health,
vaginal_microbiome_considerations_for_reproductive_health,Vaginal microbiome: considerations for reproductive health,https://pubmed.ncbi.nlm.nih.gov/36314380/,B_peer_reviewed,PubMed,journal_article,tier:B_peer_reviewed;source:PubMed;type:journal_article;topic:vaginal_microbiome,
breast_density_knowledge_in_a_screening_mammography_population_exposed_to_densit,Breast Density Knowledge in a Screening Mammography Population Exposed to Density Notification,https://pubmed.ncbi.nlm.nih.gov/35341697/,B_peer_reviewed,PubMed,journal_article,tier:B_peer_reviewed;source:PubMed;type:journal_article;topic:breast_health;possible:breast_density,
postpartum_depression_medlineplus,Postpartum Depression: MedlinePlus,https://medlineplus.gov/postpartumdepression.html,A_patient_info,MedlinePlus,patient_page,tier:A_patient_info;source:MedlinePlus;type:patient_page;topic:postpartum;ctx:postpartum;topic:mental_health;possible:postpartum_depression;triage:see_gp_routine,
cesarean_section_c_section_medlineplus,Cesarean Section | C Section | MedlinePlus,https://medlineplus.gov/cesareandelivery.html,A_patient_info,MedlinePlus,patient_page,tier:A_patient_info;source:MedlinePlus;type:patient_page;triage:see_gp_routine;topic:womens_health_general,
menopause_menopause_symptoms_medlineplus,Menopause | Menopause Symptoms | MedlinePlus,https://medlineplus.gov/menopause.html,A_patient_info,MedlinePlus,patient_page,tier:A_patient_info;source:MedlinePlus;type:patient_page;topic:menopause;ctx:menopause;triage:self_care,
heart_disease_in_women_medlineplus,Heart Disease in Women | MedlinePlus,https://medlineplus.gov/heartdiseaseinwomen.html,A_patient_info,MedlinePlus,patient_page,tier:A_patient_info;source:MedlinePlus;type:patient_page;topic:cardio_womens_health;possible:heart_disease;triage:see_gp_routine,
ovarian_disorders_ovarian_cancer_medlineplus,Ovarian Disorders | Ovarian Cancer | MedlinePlus,https://medlineplus.gov/ovariandisorders.html,A_patient_info,MedlinePlus,patient_page,tier:A_patient_info;source:MedlinePlus;type:patient_page;topic:gynecologic_cancers;possible:ovarian_disorder;possible:ovarian_cancer;triage:see_gp_routine,
sexual_problems_in_women_dyspareunia_medlineplus,Sexual Problems in Women | Dyspareunia | MedlinePlus,https://medlineplus.gov/sexualproblemsinwomen.html,A_patient_info,MedlinePlus,patient_page,tier:A_patient_info;source:MedlinePlus;type:patient_page;topic:sexual_health;sx:dyspareunia;triage:see_gp_routine,
vulvar_disorders_vulva_vulva_cancer_medlineplus,Vulvar Disorders | Vulva | Vulva Cancer | MedlinePlus,https://medlineplus.gov/vulvardisorders.html,A_patient_info,MedlinePlus,patient_page,tier:A_patient_info;source:MedlinePlus;type:patient_page;topic:gynecologic_cancers;possible:vulvar_disorder;possible:vulvar_cancer;triage:see_gp_routine,
sexually_transmitted_infections_stis_venereal_disease_medlineplus,Sexually Transmitted Infections | STIs | Venereal Disease | MedlinePlus,https://medlineplus.gov/sexuallytransmittedinfections.html,A_patient_info,MedlinePlus,patient_page,tier:A_patient_info;source:MedlinePlus;type:patient_page;topic:sexual_health;possible:sti;triage:see_gp_routine,
evidence_based_outcomes_after_oocyte_cryopreservation_for_donor_oocyte_in_vitro_,Evidence-based outcomes after oocyte cryopreservation for donor oocyte in vitro fertilization and planned oocyte cryopreservation: a guideline,https://doi.org/10.1016/j.fertnstert.2021.02.024,B_peer_reviewed,Journal,journal_article,tier:B_peer_reviewed;source:Journal;type:journal_article;topic:womens_health_general;status:paywalled_or_unresolved,unresolved DOI (likely paywalled)
fertility_evaluation_of_infertile_women_a_committee_opinion,Fertility evaluation of infertile women: a committee opinion,https://doi.org/10.1016/J.FERTNSTERT.2021.08.038,B_peer_reviewed,Journal,journal_article,tier:B_peer_reviewed;source:Journal;type:journal_article;topic:womens_health_general;status:paywalled_or_unresolved,unresolved DOI (likely paywalled)
clinical_practice_guideline_for_the_management_of_asymptomatic_bacteriuria_2019_,Clinical practice guideline for the management of asymptomatic bacteriuria: 2019 update by the Infectious Diseases Society of America,https://pure.amc.nl/en/publications/clinical-practice-guideline-for-the-management-of-asymptomatic-bacteriuria-2019-update-by-the-infectious-diseases-society-of-america(b4c677e7-1bd4-4936-b574-f4a9bc507ada).html,B_peer_reviewed,Journal,journal_article,tier:B_peer_reviewed;source:Journal;type:journal_article;topic:womens_health_general;access:oa_landing,resolved DOI->OA landing (Unpaywall)
sexually_transmitted_infections_treatment_guidelines_2021,"Sexually Transmitted Infections Treatment Guidelines, 2021",https://www.cdc.gov/mmwr/volumes/70/rr/pdfs/rr7004a1-H.pdf,B_peer_reviewed,Journal,journal_article,tier:B_peer_reviewed;source:Journal;type:journal_article;topic:sexual_health;possible:sti;triage:see_gp_routine;access:oa_pdf,resolved DOI->OA PDF (Unpaywall)
acog_endorsed_acog,ACOG Endorsed | ACOG,https://www.acog.org/clinical/clinical-guidance/acog-endorsed,A_patient_info,Other,patient_page,tier:A_patient_info;source:Other;type:patient_page;triage:see_gp_routine;topic:womens_health_general,
clinical_recommendation_vulvovaginitis,Clinical Recommendation: Vulvovaginitis,https://doi.org/10.1016/J.JPAG.2016.08.002,B_peer_reviewed,Journal,journal_article,tier:B_peer_reviewed;source:Journal;type:journal_article;topic:womens_health_general;status:paywalled_or_unresolved,unresolved DOI (likely paywalled)
centers_for_disease_control_and_prevention_expert_panel_meetings_on_prevention_a,Centers for disease control and prevention expert panel meetings on prevention and treatment of anthrax in adults.,https://doi.org/10.3201/eid2002.130687,B_peer_reviewed,Journal,journal_article,tier:B_peer_reviewed;source:Journal;type:journal_article;topic:womens_health_general;access:oa_landing,resolved DOI->OA landing (Unpaywall)
acog_endorsed_acog_2,ACOG Endorsed | ACOG,https://www.acog.org/clinical/clinical-guidance/acog-endorsed,A_patient_info,Other,patient_page,tier:A_patient_info;source:Other;type:patient_page;triage:see_gp_routine;topic:womens_health_general,
